id,version,question,ground_truth,answer,evidence,status,code_hit,ragas_context_precision,ragas_context_recall,ragas_entity_recall,ragas_faithfulness,ragas_answer_relevancy,ragas_factual_correctness,ragas_context_precision_reason,ragas_context_recall_reason,ragas_entity_recall_reason,ragas_faithfulness_reason,ragas_answer_relevancy_reason,ragas_factual_correctness_reason,human_pass,human_reason
Q01,3,직전 12개월 동안 카드를 얼마나 쓰면 다음 해 기본 연회비가 면제되나요?,"본인회원의 직전 12개월 이용금액이 3,000,000원 이상이고 다음 연회비 청구일까지 연체가 없으면 다음 연도의 기본 연회비를 전액 면제합니다.","직전 12개월 이용금액이 3,000,000원 이상이고 다음 연회비 청구일까지 연체가 없으면 다음 연도의 기본 연회비가 전액 면제됩니다.","[1] 제6조의2(가족카드의 발급과 관리)
① 본인회원은 가족회원의 동의를 확인한 뒤 가족카드 발급을 신청하며, 카드사는 연회비, 발급 가능 수, 결제 책임과 이용 범위를 사전에 안내합니다.
② 본인회원은 가족카드의 한도 감액, 이용정지 또는 해지를 요청할 수 있습니다. 카드사는 처리 결과를 본인회원과 가족회원에게 각각 알립니다.
③ 가족관계가 변경되거나 가족회원이 사용 중단을 요청하면 카드사는 본인 확인 후 이용정지와 정산 절차를 진행합니다.
제7조(카드의 전달과 수령)
① 카드는 본인 확인 후 전달합니다. 대리 수령 시에는 사전에 등록한 절차를 적용합니다.
② 포장 훼손이나 배송 오류를 발견하면 카드를 사용하지 않고 고객지원 채널에 신고합니다.
제8조(사용 등록)
① 회원이 본인 확인과 사용 등록을 마친 시점부터 결제 기능이 활성화됩니다.
② 등록 전 발생한 거래는 승인 기록과 전달 기록을 함께 확인하여 처리합니다.
제9조(연회비 부과)
① 연회비는 회원관리 비용에 해당하는 기본 연회비와 선택 서비스 비용으로 구분합니다. 가족카드 비용은 본인카드와 별도로 표시합니다.
② 연회비는 카드 사용 가능일을 기준으로 1년 단위로 청구합니다. 장기간 이용하지 않은 …",answered,1,1.0,1.0,0.2,0.5,0.7373,0.5,,,,,,,,
Q02,3,할부로 산 상품의 철회는 며칠 안에 요청해야 하나요?,상품을 받은 날 또는 계약서를 받은 날 중 늦은 날부터 7일 이내에 철회를 요청할 수 있습니다.,할부로 산 상품은 상품을 받은 날 또는 계약서를 받은 날 중 늦은 날부터 7일 이내에 철회를 요청해야 합니다.,"[1] 제16조(할부 거래)
① 할부 거래의 개월 수, 회차별 금액과 가상 수수료율은 승인 전에 확인할 수 있도록 표시합니다.
② 일부 회차를 먼저 납부하면 남은 원금과 다음 청구액을 다시 계산하여 명세서에 표시합니다.
제16조의2(할부 거래의 철회 요청)
① 교육용 시나리오에서 정한 철회 가능 거래는 상품을 받은 날 또는 계약서를 받은 날 중 늦은 날부터 7일 이내에 철회를 요청할 수 있습니다.
② 회원은 가맹점과 카드사에 거래 식별값, 철회 사유와 반환 상태를 제출하며 카드사는 접수 시각과 처리
단계를 기록합니다.
③ 이미 사용했거나 가치가 현저히 줄어든 상품 등 철회가 제한되는 경우에는 제한 사유와 이의신청 방법을 안내합니다.
제16조의3(할부 거래의 항변 요청)
① 가맹점이 계약을 이행하지 않거나 계약이 취소된 경우 회원은 남은 할부금의 지급 보류를 요청할 수 있습니다.
② 카드사는 가맹점 확인 자료, 취소 기록과 이미 지급된 회차를 구분하여 심사하고 보류 범위와 다음 확인 일을 회원에게 알립니다.

제17조(부가서비스 이용)
① 포인트, 할인, 라운지 등 부가서비스는 상품안내서에 정한 전월 이용금액, 횟수 및 월 한도를 모두 충족할 때 제공합니다.
…",answered,1,1.0,1.0,1.0,0.0,0.7484,0.0,,,,,,,,
Q03,3,"명세서 금액에 이의를 제기하려면 언제까지 해야 하고, 결과는 언제 알려주나요?","명세서가 게시된 날부터 45일 이내에 이의를 제기할 수 있고, 카드사는 접수번호를 즉시 제공한 뒤 15영업일 이내에 1차 검토 결과를 알립니다.",회원은 명세서가 게시된 날부터 45일 이내에 거래금액 등에 이의를 제기할 수 있습니다. 카드사는 접수 후 15영업일 이내에 1차 검토 결과를 알려줍니다.,"[1] 제30조(정지 해제)
① 정지 원인이 해소되고 본인 확인이 끝나면 이용을 재개할 수 있습니다.
② 재개 여부, 적용 시점과 여전히 제한되는 기능이 있으면 구분하여 안내합니다.

제6장 정보 처리와 이의신청
제31조(개인정보 처리)
① 카드사는 발급, 결제, 보안, 고객문의 및 법정 의무 이행에 필요한 범위에서 최소 정보를 처리합니다.
② 이용 목적이 끝난 정보는 교육용 보존기간 표에 따라 삭제하거나 다른 정보와 분리합니다.
제32조(업무 위탁)
① 배송, 상담, 전산 운영 등의 업무를 위탁할 때에는 위탁 목적, 처리 항목과 보유기간을 공개합니다.
② 수탁자가 목적 밖으로 정보를 사용하지 않도록 접근권한, 기록 점검과 사고 대응 절차를 적용합니다.
제33조(기록 열람과 정정)
① 회원은 자신의 거래, 동의, 상담 및 통지 기록을 열람하거나 오류의 정정을 요청할 수 있습니다.
② 정정 전후 값과 처리 담당자를 기록하고, 다른 시스템에 전달된 오류가 있으면 정정 사실도 전달합니다. 제34조(이의신청)
① 회원은 명세서가 게시된 날부터 45일 이내에 거래금액, 수수료, 혜택 또는 연회비 계산에 이의를 제기할 수 있습니다.***
② 카드사는 접수번호를 즉시 제…",answered,1,1.0,1.0,0.6667,1.0,0.7323,0.8,,,,,,,,
Q04,3,약관이 바뀌면 언제부터 미리 안내하나요?,"약관을 변경할 때에는 적용일 30일 전부터 변경 이유, 적용일과 달라지는 조항을 구분하여 안내합니다.","약관을 변경할 때에는 적용일 30일 전부터 변경 이유, 적용일과 달라지는 조항을 구분하여 안내합니다.","[1] 제37조(카드사의 계약 해지)
① 신청정보의 중대한 허위, 반복된 부정사용 또는 계약 목적에 어긋난 이용이 확인되면 소명 기회를 제공한 뒤 계약을 종료할 수 있습니다.
② 긴급한 안전 사유가 아니라면 종료 예정일과 이의신청 방법을 14일 전에 안내합니다.
제38조(약관 변경)
① 약관을 변경할 때에는 적용일 30일 전부터 변경 이유, 적용일과 달라지는 조항을 구분하여 안내합니다.
② 회원에게 불리할 수 있는 내용은 제목과 요약에서 눈에 띄게 표시하며 전문 링크를 함께 제공합니다.
제38조의2(위법한 계약의 해지 요청)
① 회원은 교육용 금융소비자 보호 규칙을 위반하여 체결된 계약이라고 판단하면 위반 사실과 계약 식별값을 적어 해지를 요청할 수 있습니다.
② 카드사는 접수일, 검토 자료와 처리기한을 알리고 수용 시 계약 종료와 정산 절차를, 거절 시 사유와 이의신청 경로를 안내합니다.
제39조(해석과 분쟁 처리)
① 이 합성 약관의 모호한 표현은 교육용 시나리오의 목적과 회원 보호 원칙에 따라 해석합니다.
② 의견 차이가 생기면 먼저 고객지원 절차로 협의하고, 해결되지 않으면 실습 책임자가 정한 모의 조정 절차를 이용합니다.
제40조(시행일)
① 이 합…",answered,1,1.0,1.0,0.0,1.0,0.6794,1.0,,,,,,,,
Q05,3,결제일이 휴일이면 카드 대금은 언제 출금되나요?,"이용대금은 회원이 지정한 결제일에 등록 계좌에서 출금하며, 결제일이 휴일이면 다음 영업일에 처리합니다.","결제일이 휴일인 경우, 카드 이용대금은 다음 영업일에 출금됩니다.","[1] 제20조(이용대금 명세)
① 명세서에는 카드 식별값 일부, 승인일, 매입일, 가맹점 범주, 금액, 수수료, 혜택 및 취소 상태를 항목별로 표시합니다.
② 회원은 전자문서로 명세서를 받은 날부터 거래별 상세 내역을 확인할 수 있습니다.
제21조(결제일과 출금)
① 이용대금은 회원이 지정한 결제일에 등록 계좌에서 출금합니다. 결제일이 휴일이면 다음 영업일에 처리합니다.
② 출금 실패 시 실패 사유와 재출금 예정일을 안내합니다. 계좌 잔액과 은행 처리 상태는 회원이 확인합니다.
제22조(일부 납부)
① 회원이 일부 납부 방식을 선택하면 최소 납부액, 다음 달 이월액과 예상 비용을 별도 화면에서 확인합니다.
② 일부 납부 신청은 회원의 명시적 동의를 받은 뒤 적용하며 해지 방법을 같은 화면에서 안내합니다.
제22조의2(일부결제금액이월약정)
① 회원은 최소결제비율, 이월 잔액에 적용되는 가상 수수료율, 예상 상환기간과 총비용을 확인한 뒤 일부결제금액이월약정을 신청합니다.
② 카드사는 약정 전후의 결제액을 비교해 보여주고, 최소 금액만 반복 납부할 때 상환기간과 비용이 늘어날 수 있음을 안내합니다.
③ 회원은 언제든 약정을 해지하거나 결제비율을 높일 수 있습니다…",answered,1,1.0,1.0,0.0,1.0,0.743,0.67,,,,,,,,
Q06,3,오랫동안 쓰지 않은 휴면카드는 어떻게 처리되나요?,연속된 장기 미사용 상태가 확인되면 신규 승인 기능을 정지하고 유지·해지·재사용 선택 방법을 안내합니다. 이용정지 뒤 다음 연회비 청구일까지 의사 표시가 없으면 계약 종료 절차를 진행합니다.,,,needs_confirmation,0,,,,,,,,,,,,,,
Q07,3,"한빛 모아생활 카드의 생활 포인트는 결제액의 몇 %를 적립하고, 월 한도는 얼마인가요?","대상 결제액의 1.2%를 적립하며, 이 항목은 월 8,000원 상당까지 제공합니다(일반 혜택은 카드별 월 40,000원 상당 내 합산).","한빛 모아생활 카드의 생활 포인트는 결제액의 1.2%를 적립하며, 월 한도는 8,000원(1P=1원)입니다.","[1] D2-C001
한빛 모아생활
가상 시행일 2027-01-15 | 공개 등급: 교육용 공개 | 연회비 단위: 원
연회비
| 브랜드·발급 방식 | 기본 | 서비스 | 총연회비 |
| --- | --- | --- | --- |
| 국내전용 | 6,000 | 16,000 | 22,000 |
| 해외 A | 6,000 | 19,000 | 25,000 |
| 해외 B | 6,000 | 19,000 | 25,000 |
가족카드: 본인카드와 함께 보유한 가족카드는 0원. 가족카드만 보유하면 같은 브랜드의 본인 연회비를 적용함.
카드별 명칭과 연회비 금액·구성은 모두 합성 설정임.
D2-C001-B01 | 생활 포인트 적립
| 항목 | 합성 조건 |
| --- | --- |
| 혜택 | 대상 결제액의 1.2%를 적립함. |
| 대상·채널 | 가상 편의점 하루상점·마트 살림곳·커피점 나무잔의 직접 결제 |
| 실적 조건 | 전월 국내외 일시불·유이자 할부 이용액 350,000원 이상. 세금·연회비·상품권·선불 충전·취소액은 실적에서 제외함. |
| 한도 | 일반 혜택은 카드별 월 40,000원 상당 내 합산함(1P=1원). 이 항목은 월 8,000원 상당까지 제공함. …",answered,1,1.0,1.0,0.0,1.0,0.9676,0.8,,,,,,,,
Q08,3,한빛 모아생활 카드의 포인트 재충전(리필)은 어떤 조건에서 받을 수 있나요?,"가상 쇼핑몰 달빛상점에서 한 번의 결제에 일반 포인트 7,000P 이상을 사용하면 700P를 고정 리필하며, 매월 최초 조건 충족 거래 1건만 적용합니다.","한빛 모아생활 카드의 포인트 재충전은 가상 쇼핑몰 달빛상점에서 한 번의 결제에 일반 포인트 7,000P 이상을 사용하면 700P가 고정으로 리필됩니다. 리필을 받으려면 전월 국내외 일시불·유이자 할부 이용액이 350,000원 이상이어야 하며, 매월 최초 조건 충족 거래 1건만 적용되고 월 700P 리필은 일반 월 통합 40,000원 한도에 포함됩니다.","[1] D2-C001
한빛 모아생활
가상 시행일 2027-01-15 | 공개 등급: 교육용 공개 | 연회비 단위: 원
연회비
| 브랜드·발급 방식 | 기본 | 서비스 | 총연회비 |
| --- | --- | --- | --- |
| 국내전용 | 6,000 | 16,000 | 22,000 |
| 해외 A | 6,000 | 19,000 | 25,000 |
| 해외 B | 6,000 | 19,000 | 25,000 |
가족카드: 본인카드와 함께 보유한 가족카드는 0원. 가족카드만 보유하면 같은 브랜드의 본인 연회비를 적용함.
카드별 명칭과 연회비 금액·구성은 모두 합성 설정임.
D2-C001-B01 | 생활 포인트 적립
| 항목 | 합성 조건 |
| --- | --- |
| 혜택 | 대상 결제액의 1.2%를 적립함. |
| 대상·채널 | 가상 편의점 하루상점·마트 살림곳·커피점 나무잔의 직접 결제 |
| 실적 조건 | 전월 국내외 일시불·유이자 할부 이용액 350,000원 이상. 세금·연회비·상품권·선불 충전·취소액은 실적에서 제외함. |
| 한도 | 일반 혜택은 카드별 월 40,000원 상당 내 합산함(1P=1원). 이 항목은 월 8,000원 상당까지 제공함. …",answered,1,1.0,1.0,0.75,1.0,0.9231,0.57,,,,,,,,
Q09,3,"한빛 가족돌봄 카드의 돌봄 바우처는 얼마이고, 언제까지 쓸 수 있나요?","가상 돌봄 프로그램에 등록하면 연 1회 90,000원 돌봄 바우처를 제공하며, 발급일부터 180일간 분할 사용할 수 있습니다.","한빛 가족돌봄 카드의 돌봄 바우처는 연 1회 90,000원이며, 발급일부터 180일간 사용할 수 있습니다.","[1] D2-C021
한빛 가족돌봄
가상 시행일 2027-01-15 | 공개 등급: 교육용 공개 | 연회비 단위: 원
연회비
| 브랜드·발급 방식 | 기본 | 서비스 | 총연회비 |
| --- | --- | --- | --- |
| 국내전용 | 0 | 0 | 0 |
| 해외 A | 0 | 0 | 0 |
가족카드: 가족카드 미운영. 본인 카드의 연회비만 적용함.
카드별 명칭과 연회비 금액·구성은 모두 합성 설정임.
D2-C021-B01 | 가상 돌봄 바우처
| 항목 | 합성 조건 |
| --- | --- |
| 지원 내용 | 가상 돌봄 프로그램 등록 시 연 1회 90,000원 돌봄 바우처 제공함. |
| 등록 조건 | 교육용 신청 화면에서 돌봄 유형과 가상 자격코드를 등록함. 실제 공공지원 자격과 무관함. |
| 사용처 | 가상 돌봄몰 함께자람의 등록 돌봄용품·서비스에 사용함. |
| 잔액·만료 | 발급일부터 180일간 분할 사용 가능함. 현금 교환 및 타인 양도는 불가함. |
| 한도 관계 | 별도 연간 지원으로 일반 월 통합한도와 실적 산정에서 제외함. |
| 취소 | 유효기간 내 취소 금액은 바우처 잔액으로 복구함. 만료 후 취소분은 재사용 불가함. |
…",answered,1,1.0,1.0,0.2,1.0,0.9405,0.0,,,,,,,,
Q10,3,"한빛 자유여행 카드의 공항 라운지 입장권은 1년에 몇 번 받을 수 있고, 발급 후 언제까지 써야 하나요?","가상 공항 라운지 구름쉼터 본인 입장권을 연 2회 제공하며, 발급 후 30일 이내 본인만 사용할 수 있습니다.",,,needs_confirmation,0,,,,,,,,,,,,,,
Q11,3,한빛 전기길 카드로 전기차를 충전하면 캐시백을 얼마나 받나요?,"가상 충전앱 초록전기 등록 충전기 결제액의 2.5%를 캐시백으로 제공하며, 월 8,000원 상당까지 다음 달 18일에 지급합니다.","한빛 전기길 카드로 전기차를 충전하면 결제액의 2.5%를 캐시백으로 받습니다. 월 최대 8,000원 한도 내에서 캐시백이 제공됩니다.","[1] D2-C008
한빛 전기길
가상 시행일 2027-01-15 | 공개 등급: 교육용 공개 | 연회비 단위: 원
연회비
| 브랜드·발급 방식 | 기본 | 서비스 | 총연회비 |
| --- | --- | --- | --- |
| 국내전용 | 6,000 | 15,000 | 21,000 |
| 해외 A | 6,000 | 18,000 | 24,000 |
가족카드: 가족카드 미운영. 본인 카드의 연회비만 적용함.
카드별 명칭과 연회비 금액·구성은 모두 합성 설정임.
D2-C008-B01 | 전기차 충전 캐시백
| 항목 | 합성 조건 |
| --- | --- |
| 혜택 | 대상 결제액의 2.5%를 캐시백으로 제공함. |
| 대상·채널 | 가상 충전앱 초록전기 등록 충전기 |
| 실적 조건 | 전월 국내외 일시불·유이자 할부 이용액 350,000원 이상. 세금·연회비·상품권·선불 충전·취소액은 실적에서 제외함. |
| 한도 | 일반 혜택은 카드별 월 40,000원 상당 내 합산함(1P=1원). 이 항목은 월 8,000원 상당까지 제공함. |
| 지급 시점 | 다음 달 18일 가상 결제계정에 캐시백 지급함. |
| 혜택 제외 | 상품권·선불 충전·현금서비스·취소 거래…",answered,1,1.0,1.0,0.5,1.0,0.9819,0.4,,,,,,,,
Q12,3,한빛 반려동행 카드는 동물병원 진료비를 얼마나 할인해 주나요?,"가상 동물병원 업종의 대면 진료비 결제액의 4%를 할인하며, 월 8,000원 상당까지 다음 달 청구금액에서 차감합니다.",한빛 반려동행 카드는 가상 동물병원 업종의 대면 진료비에 대해 결제액의 4%를 할인해 줍니다.,"[1] D2-C058
한빛 반려동행
가상 시행일 2027-01-15 | 공개 등급: 교육용 공개 | 연회비 단위: 원
연회비
| 브랜드·발급 방식 | 기본 | 서비스 | 총연회비 |
| --- | --- | --- | --- |
| 국내전용 | 6,000 | 16,000 | 22,000 |
| 해외 A | 6,000 | 19,000 | 25,000 |
가족카드: 본인카드와 함께 보유한 가족카드는 0원. 가족카드만 보유하면 같은 브랜드의 본인 연회비를 적용함.
카드별 명칭과 연회비 금액·구성은 모두 합성 설정임.
D2-C058-B01 | 동물병원 할인
| 항목 | 합성 조건 |
| --- | --- |
| 혜택 | 대상 결제액의 4%를 할인함. |
| 대상·채널 | 가상 동물병원 업종의 대면 진료비 |
| 실적 조건 | 전월 국내외 일시불·유이자 할부 이용액 350,000원 이상. 세금·연회비·상품권·선불 충전·취소액은 실적에서 제외함. |
| 한도 | 일반 혜택은 카드별 월 40,000원 상당 내 합산함(1P=1원). 이 항목은 월 8,000원 상당까지 제공함. |
| 지급 시점 | 다음 달 청구금액에서 차감함. |
| 혜택 제외 | 상품권·선불 충전·현금서…",answered,1,1.0,1.0,0.0,1.0,0.9351,0.5,,,,,,,,
Q13,3,한빛 청소년생활 카드의 결제 한도는 얼마인가요?,"건별 25,000원·월 150,000원을 기본 상한으로 하며, 가상 보호자가 더 낮게 설정할 수 있습니다.",,"[1] D2-C055-B03 | 결제 가능 업종
| 항목 | 합성 조건 |
| --- | --- |
| 허용 업종 | 편의점·서점·대중교통만 허용함. 가상 보호자가 허용 목록에서 업종을 추가로 제외할 수 있음. |
| 계정 조건 | 가상 보호자와 연결된 청소년 교육용 계정에서만 제공함. 실제 법정 발급 연령을 정한 조건이 아님. |
| 제한 업종 | 주류·사행성 업종과 현금성 거래는 제한함. 허용 업종 안의 제한 품목도 구매하지 못하도록 모의 승인에서 차단함. |
| 이용 한도 | 보호자가 설정한 건별 25,000원·월 150,000원 범위 내 사용함. |
| 통제·정산 | 거래 알림을 연결된 보호자 계정에 표시함. 월 교환권은 1장만 제공하며 일반 월 통합한도에 2,000원으로 포함함. 유효기간 내 미사용 취소 시 복구함. |
모든 명칭·수치·운영 조건은 교육용 가정이며 가상 시행일은 2027-01-15임.
일반 혜택이 겹치면 금액이 큰 1개만 적용함. 다만 포인트 상자 추가 적립은 원 적립과 중복 가능함. 취소 거래의 혜택과 실적은 취소 반영월에 차감함.
D2-C055-B04 | 결제 이용 한도
| 항목 | 합성 조건 |
| --- | --- |
| 결제…",needs_confirmation,1,,,,,,,,,,,,,,
Q14,3,"M-1042 회원은 첫 상담에서 어떤 기준으로 비교해 달라고 했고, 가장 최근 상담에서는 카드 해지를 어디까지 진행했나요?","첫 상담에서는 연회비를 줄이려고 필요 없는 물건까지 사고 싶지 않다며, 추가 소비 없이 고정된 예산 안에서 그대로 쓸 때의 부담을 비교해 달라고 했습니다. 가장 최근 상담에서는 계속 보유할 이유가 잘 안 보인다며, 아직 신청하지 않은 채 정리 전에 필요한 확인부터 하려는 단계였습니다.",,,needs_confirmation,0,,,,,,,,,,,,,,
Q15,3,M-1042 회원은 다른 결제 수단으로 쓰던 생활비를 이 카드로 옮기는 것을 왜 원하지 않았나요?,"카드별 결제일이 달라서 생활비를 옮기면 예산을 다시 짜야 하고, 연회비 하나 때문에 생활비 관리 방식을 전부 바꾸고 싶지 않기 때문입니다.",,,needs_confirmation,0,,,,,,,,,,,,,,
Q16,3,"M-3001 회원은 첫 상담에서 타사 카드와 무엇을 비교한다고 했고, 가장 최근 상담에서는 어떤 조건이면 옮기겠다고 했나요?","첫 상담에서는 할인 금액 차이보다 매번 혜택 신청 메뉴를 찾아야 하는 관리 절차를 비교한다고 했습니다. 가장 최근 상담에서는 타사에 반복 신청이 없다면 옮기는 쪽으로 생각하며, 처음 한 번 번거롭더라도 이후가 단순하면 검토할 만하다고 했습니다. 전환 신청은 아직 하지 않았습니다.",,,needs_confirmation,0,,,,,,,,,,,,,,
Q17,3,M-3001 회원과 상담할 때 피해야 할 설명이나 제안은 무엇인가요?,지금 카드사가 무조건 편하다는 설명은 피하고 확인 가능한 절차 차이만 설명해야 합니다. 혜택 신청을 기억하도록 매달 알림을 설정하라는 대안과 추가 적립 제안도 원하지 않았습니다.,,,needs_confirmation,0,,,,,,,,,,,,,,
Q18,3,연회비를 적립 포인트로 낼 수 있나요?,확인 필요,,,needs_confirmation,,,,,,,,,,,,,,,
Q19,3,한빛 가족돌봄 카드로 해외에서 결제하면 해외 이용 수수료를 얼마나 할인받나요?,확인 필요,,,needs_confirmation,,,,,,,,,,,,,,,
Q20,3,이전 버전(1.1) 약관에서는 연회비 면제 기준이 얼마였나요?,확인 필요,,,needs_confirmation,,,,,,,,,,,,,,,
